{
  "model_params": {
    "fp_type": "morgan",
    "morgan_only_radius": 2,
    "morgan_only_nBits": 2048,
    "num_hidden_layers": 3,
    "hidden_dim_0": 512,
    "hidden_dim_1": 128,
    "hidden_dim_2": 512,
    "kl_weight": 0.0009964365036955543,
    "lr": 0.0019114072389863565,
    "batch_size": 32,
    "dropout_rate": 0.46383824251030814,
    "prior_mu": 0.04529572368348541,
    "prior_sigma": 0.06990810845252556,
    "normalization": "none"
  },
  "fingerprint_config": {
    "type": "morgan",
    "radius": 2,
    "nBits": 2048
  },
  "best_cv_score": 0.513874864578247,
  "training_info": {
    "cv_folds": 5,
    "trained_on_all_data": true,
    "final_epochs": 200
  }
}